,Party Affiliation,week,anxiety,new_cases
0,Blue,2020-01-13/2020-01-19,7.132637362637364,6
1,Heavily Blue,2020-01-13/2020-01-19,7.56,6
2,Heavily Red,2020-01-13/2020-01-19,7.509857142857143,6
3,Moderate,2020-01-13/2020-01-19,7.24125,6
4,Red,2020-01-13/2020-01-19,7.240439560439561,6
5,Blue,2020-01-20/2020-01-26,7.412087912087912,5
6,Heavily Blue,2020-01-20/2020-01-26,7.725510204081633,5
7,Heavily Red,2020-01-20/2020-01-26,7.7821428571428575,5
8,Moderate,2020-01-20/2020-01-26,7.420892857142857,5
9,Red,2020-01-20/2020-01-26,7.541318681318681,5
10,Blue,2020-01-27/2020-02-02,7.514945054945055,12
11,Heavily Blue,2020-01-27/2020-02-02,7.88530612244898,12
12,Heavily Red,2020-01-27/2020-02-02,7.893428571428571,12
13,Moderate,2020-01-27/2020-02-02,7.531071428571429,12
14,Red,2020-01-27/2020-02-02,7.721648351648351,12
15,Blue,2020-02-03/2020-02-09,7.506043956043955,13
16,Heavily Blue,2020-02-03/2020-02-09,7.871428571428571,13
17,Heavily Red,2020-02-03/2020-02-09,7.851857142857143,13
18,Moderate,2020-02-03/2020-02-09,7.5182142857142855,13
19,Red,2020-02-03/2020-02-09,7.664835164835165,13
20,Blue,2020-02-10/2020-02-16,7.396593406593407,16
21,Heavily Blue,2020-02-10/2020-02-16,7.789387755102041,16
22,Heavily Red,2020-02-10/2020-02-16,7.692285714285715,16
23,Moderate,2020-02-10/2020-02-16,7.419107142857143,16
24,Red,2020-02-10/2020-02-16,7.506483516483517,16
25,Blue,2020-02-17/2020-02-23,7.6062637362637355,27
26,Heavily Blue,2020-02-17/2020-02-23,8.029183673469388,27
27,Heavily Red,2020-02-17/2020-02-23,7.931857142857143,27
28,Moderate,2020-02-17/2020-02-23,7.619999999999999,27
29,Red,2020-02-17/2020-02-23,7.7214285714285715,27
30,Blue,2020-02-24/2020-03-01,7.552417582417582,101
31,Heavily Blue,2020-02-24/2020-03-01,7.992040816326531,101
32,Heavily Red,2020-02-24/2020-03-01,7.803857142857143,101
33,Moderate,2020-02-24/2020-03-01,7.459642857142858,101
34,Red,2020-02-24/2020-03-01,7.554835164835165,101
35,Blue,2020-03-02/2020-03-08,7.36923076923077,1133
36,Heavily Blue,2020-03-02/2020-03-08,7.905714285714286,1133
37,Heavily Red,2020-03-02/2020-03-08,7.561285714285714,1133
38,Moderate,2020-03-02/2020-03-08,7.317142857142857,1133
39,Red,2020-03-02/2020-03-08,7.391868131868131,1133
40,Blue,2020-03-09/2020-03-15,6.949010989010989,7725
41,Heavily Blue,2020-03-09/2020-03-15,7.612653061224489,7725
42,Heavily Red,2020-03-09/2020-03-15,7.146714285714285,7725
43,Moderate,2020-03-09/2020-03-15,7.013392857142857,7725
44,Red,2020-03-09/2020-03-15,6.975604395604395,7725
45,Blue,2020-03-16/2020-03-22,6.75021978021978,59286
46,Heavily Blue,2020-03-16/2020-03-22,7.469591836734693,59286
47,Heavily Red,2020-03-16/2020-03-22,7.023571428571429,59286
48,Moderate,2020-03-16/2020-03-22,6.8675,59286
49,Red,2020-03-16/2020-03-22,6.9532967032967035,59286
50,Blue,2020-03-23/2020-03-29,6.977912087912088,151264
51,Heavily Blue,2020-03-23/2020-03-29,7.808979591836734,151264
52,Heavily Red,2020-03-23/2020-03-29,7.029857142857143,151264
53,Moderate,2020-03-23/2020-03-29,7.1553571428571425,151264
54,Red,2020-03-23/2020-03-29,7.18032967032967,151264
55,Blue,2020-03-30/2020-04-05,6.993186813186814,216480
56,Heavily Blue,2020-03-30/2020-04-05,7.79530612244898,216480
57,Heavily Red,2020-03-30/2020-04-05,7.061999999999999,216480
58,Moderate,2020-03-30/2020-04-05,7.096785714285715,216480
59,Red,2020-03-30/2020-04-05,6.985824175824177,216480
60,Blue,2020-04-06/2020-04-12,6.678021978021978,207216
61,Heavily Blue,2020-04-06/2020-04-12,7.45265306122449,207216
62,Heavily Red,2020-04-06/2020-04-12,6.800428571428571,207216
63,Moderate,2020-04-06/2020-04-12,6.910357142857143,207216
64,Red,2020-04-06/2020-04-12,6.783626373626374,207216
65,Blue,2020-04-13/2020-04-19,6.687032967032967,199145
66,Heavily Blue,2020-04-13/2020-04-19,7.426122448979592,199145
67,Heavily Red,2020-04-13/2020-04-19,6.718285714285714,199145
68,Moderate,2020-04-13/2020-04-19,6.871428571428572,199145
69,Red,2020-04-13/2020-04-19,6.715494505494505,199145
70,Blue,2020-04-20/2020-04-26,6.92934065934066,199927
71,Heavily Blue,2020-04-20/2020-04-26,7.599387755102041,199927
72,Heavily Red,2020-04-20/2020-04-26,6.948571428571428,199927
73,Moderate,2020-04-20/2020-04-26,7.052321428571429,199927
74,Red,2020-04-20/2020-04-26,6.826813186813187,199927
75,Blue,2020-04-27/2020-05-03,7.068241758241759,187942
76,Heavily Blue,2020-04-27/2020-05-03,7.8206122448979585,187942
77,Heavily Red,2020-04-27/2020-05-03,7.006,187942
78,Moderate,2020-04-27/2020-05-03,7.159285714285715,187942
79,Red,2020-04-27/2020-05-03,6.892197802197802,187942
80,Blue,2020-05-04/2020-05-10,6.863736263736264,159936
81,Heavily Blue,2020-05-04/2020-05-10,7.5922448979591834,159936
82,Heavily Red,2020-05-04/2020-05-10,6.867285714285714,159936
83,Moderate,2020-05-04/2020-05-10,6.9433928571428565,159936
84,Red,2020-05-04/2020-05-10,6.764615384615385,159936
85,Blue,2020-05-11/2020-05-17,6.835934065934066,157259
86,Heavily Blue,2020-05-11/2020-05-17,7.586938775510204,157259
87,Heavily Red,2020-05-11/2020-05-17,6.908285714285714,157259
88,Moderate,2020-05-11/2020-05-17,6.961428571428571,157259
89,Red,2020-05-11/2020-05-17,6.76989010989011,157259
90,Blue,2020-05-18/2020-05-24,6.716263736263736,145806
91,Heavily Blue,2020-05-18/2020-05-24,7.42734693877551,145806
92,Heavily Red,2020-05-18/2020-05-24,6.823285714285714,145806
93,Moderate,2020-05-18/2020-05-24,6.93875,145806
94,Red,2020-05-18/2020-05-24,6.741648351648352,145806
95,Blue,2020-05-25/2020-05-31,6.412087912087912,143756
96,Heavily Blue,2020-05-25/2020-05-31,7.058571428571429,143756
97,Heavily Red,2020-05-25/2020-05-31,6.501428571428572,143756
98,Moderate,2020-05-25/2020-05-31,6.640535714285714,143756
99,Red,2020-05-25/2020-05-31,6.4618681318681315,143756
100,Blue,2020-06-01/2020-06-07,6.347252747252748,147482
101,Heavily Blue,2020-06-01/2020-06-07,6.949591836734693,147482
102,Heavily Red,2020-06-01/2020-06-07,6.564285714285714,147482
103,Moderate,2020-06-01/2020-06-07,6.630535714285714,147482
104,Red,2020-06-01/2020-06-07,6.4314285714285715,147482
105,Blue,2020-06-08/2020-06-14,6.761208791208791,154019
106,Heavily Blue,2020-06-08/2020-06-14,7.426734693877552,154019
107,Heavily Red,2020-06-08/2020-06-14,7.013857142857143,154019
108,Moderate,2020-06-08/2020-06-14,7.060357142857143,154019
109,Red,2020-06-08/2020-06-14,6.89978021978022,154019
110,Blue,2020-06-15/2020-06-21,6.711208791208792,209647
111,Heavily Blue,2020-06-15/2020-06-21,7.399591836734693,209647
112,Heavily Red,2020-06-15/2020-06-21,7.042142857142857,209647
113,Moderate,2020-06-15/2020-06-21,7.1025,209647
114,Red,2020-06-15/2020-06-21,6.940219780219781,209647
115,Blue,2020-06-22/2020-06-28,6.773406593406594,292313
116,Heavily Blue,2020-06-22/2020-06-28,7.530408163265307,292313
117,Heavily Red,2020-06-22/2020-06-28,7.135,292313
118,Moderate,2020-06-22/2020-06-28,7.148035714285714,292313
119,Red,2020-06-22/2020-06-28,6.966263736263736,292313
120,Blue,2020-06-29/2020-07-05,6.644615384615384,357393
121,Heavily Blue,2020-06-29/2020-07-05,7.342857142857143,357393
122,Heavily Red,2020-06-29/2020-07-05,6.857571428571428,357393
123,Moderate,2020-06-29/2020-07-05,6.9314285714285715,357393
124,Red,2020-06-29/2020-07-05,6.773186813186813,357393
125,Blue,2020-07-06/2020-07-12,6.937252747252747,424339
126,Heavily Blue,2020-07-06/2020-07-12,7.66530612244898,424339
127,Heavily Red,2020-07-06/2020-07-12,7.254428571428572,424339
128,Moderate,2020-07-06/2020-07-12,7.29,424339
129,Red,2020-07-06/2020-07-12,7.124065934065934,424339
130,Blue,2020-07-13/2020-07-19,6.886923076923077,459483
131,Heavily Blue,2020-07-13/2020-07-19,7.613673469387755,459483
132,Heavily Red,2020-07-13/2020-07-19,7.168857142857143,459483
133,Moderate,2020-07-13/2020-07-19,7.270714285714286,459483
134,Red,2020-07-13/2020-07-19,7.071098901098901,459483
135,Blue,2020-07-20/2020-07-26,6.928791208791209,455984
136,Heavily Blue,2020-07-20/2020-07-26,7.634693877551021,455984
137,Heavily Red,2020-07-20/2020-07-26,7.292142857142857,455984
138,Moderate,2020-07-20/2020-07-26,7.339285714285714,455984
139,Red,2020-07-20/2020-07-26,7.113626373626374,455984
140,Blue,2020-07-27/2020-08-02,6.877912087912088,413265
141,Heavily Blue,2020-07-27/2020-08-02,7.612448979591837,413265
142,Heavily Red,2020-07-27/2020-08-02,7.238714285714285,413265
143,Moderate,2020-07-27/2020-08-02,7.282678571428571,413265
144,Red,2020-07-27/2020-08-02,7.105604395604396,413265
145,Blue,2020-08-03/2020-08-09,6.7931868131868125,400616
146,Heavily Blue,2020-08-03/2020-08-09,7.637959183673469,400616
147,Heavily Red,2020-08-03/2020-08-09,7.161428571428572,400616
148,Moderate,2020-08-03/2020-08-09,7.199821428571428,400616
149,Red,2020-08-03/2020-08-09,7.036483516483517,400616
150,Blue,2020-08-10/2020-08-16,6.9860439560439564,350712
151,Heavily Blue,2020-08-10/2020-08-16,7.8395918367346935,350712
152,Heavily Red,2020-08-10/2020-08-16,7.253571428571429,350712
153,Moderate,2020-08-10/2020-08-16,7.360535714285715,350712
154,Red,2020-08-10/2020-08-16,7.127692307692308,350712
155,Blue,2020-08-17/2020-08-23,7.026263736263736,296690
156,Heavily Blue,2020-08-17/2020-08-23,7.753877551020408,296690
157,Heavily Red,2020-08-17/2020-08-23,7.385142857142857,296690
158,Moderate,2020-08-17/2020-08-23,7.429285714285714,296690
159,Red,2020-08-17/2020-08-23,7.251758241758242,296690
160,Blue,2020-08-24/2020-08-30,6.9923076923076914,285968
161,Heavily Blue,2020-08-24/2020-08-30,7.805918367346939,285968
162,Heavily Red,2020-08-24/2020-08-30,7.323142857142857,285968
163,Moderate,2020-08-24/2020-08-30,7.468571428571429,285968
164,Red,2020-08-24/2020-08-30,7.194395604395605,285968
165,Blue,2020-08-31/2020-09-06,7.013846153846154,258226
166,Heavily Blue,2020-08-31/2020-09-06,7.921020408163265,258226
167,Heavily Red,2020-08-31/2020-09-06,7.440714285714286,258226
168,Moderate,2020-08-31/2020-09-06,7.462142857142857,258226
169,Red,2020-08-31/2020-09-06,7.296483516483517,258226
170,Blue,2020-09-07/2020-09-13,7.130219780219781,277253
171,Heavily Blue,2020-09-07/2020-09-13,8.16,277253
172,Heavily Red,2020-09-07/2020-09-13,7.5765714285714285,277253
173,Moderate,2020-09-07/2020-09-13,7.614642857142857,277253
174,Red,2020-09-07/2020-09-13,7.407802197802198,277253
175,Blue,2020-09-14/2020-09-20,7.32923076923077,293309
176,Heavily Blue,2020-09-14/2020-09-20,8.218775510204082,293309
177,Heavily Red,2020-09-14/2020-09-20,7.695285714285713,293309
178,Moderate,2020-09-14/2020-09-20,7.676785714285714,293309
179,Red,2020-09-14/2020-09-20,7.536373626373626,293309
180,Blue,2020-09-21/2020-09-27,7.376263736263736,300682
181,Heavily Blue,2020-09-21/2020-09-27,8.229795918367346,300682
182,Heavily Red,2020-09-21/2020-09-27,7.628285714285714,300682
183,Moderate,2020-09-21/2020-09-27,7.6325,300682
184,Red,2020-09-21/2020-09-27,7.534175824175825,300682
185,Blue,2020-09-28/2020-10-04,7.285494505494506,310424
186,Heavily Blue,2020-09-28/2020-10-04,8.08530612244898,310424
187,Heavily Red,2020-09-28/2020-10-04,7.459285714285714,310424
188,Moderate,2020-09-28/2020-10-04,7.5216071428571425,310424
189,Red,2020-09-28/2020-10-04,7.368461538461538,310424
190,Blue,2020-10-05/2020-10-11,7.441428571428571,363384
191,Heavily Blue,2020-10-05/2020-10-11,8.130204081632654,363384
192,Heavily Red,2020-10-05/2020-10-11,7.743714285714285,363384
193,Moderate,2020-10-05/2020-10-11,7.6692857142857145,363384
194,Red,2020-10-05/2020-10-11,7.554615384615385,363384
195,Blue,2020-10-12/2020-10-18,7.395494505494505,429807
196,Heavily Blue,2020-10-12/2020-10-18,8.179591836734694,429807
197,Heavily Red,2020-10-12/2020-10-18,7.579,429807
198,Moderate,2020-10-12/2020-10-18,7.592321428571429,429807
199,Red,2020-10-12/2020-10-18,7.433516483516484,429807
200,Blue,2020-10-19/2020-10-25,7.6849450549450555,524983
201,Heavily Blue,2020-10-19/2020-10-25,8.52061224489796,524983
202,Heavily Red,2020-10-19/2020-10-25,7.783285714285715,524983
203,Moderate,2020-10-19/2020-10-25,7.856607142857143,524983
204,Red,2020-10-19/2020-10-25,7.673846153846155,524983
205,Blue,2020-10-26/2020-11-01,8.398021978021978,661396
206,Heavily Blue,2020-10-26/2020-11-01,9.098367346938776,661396
207,Heavily Red,2020-10-26/2020-11-01,8.895857142857144,661396
208,Moderate,2020-10-26/2020-11-01,8.599642857142857,661396
209,Red,2020-10-26/2020-11-01,8.536043956043956,661396
210,Blue,2020-11-02/2020-11-08,8.11076923076923,900961
211,Heavily Blue,2020-11-02/2020-11-08,9.25204081632653,900961
212,Heavily Red,2020-11-02/2020-11-08,8.666428571428572,900961
213,Moderate,2020-11-02/2020-11-08,8.265714285714285,900961
214,Red,2020-11-02/2020-11-08,8.341868131868132,900961
215,Blue,2020-11-09/2020-11-15,7.8427472527472535,1118353
216,Heavily Blue,2020-11-09/2020-11-15,8.566530612244899,1118353
217,Heavily Red,2020-11-09/2020-11-15,8.161714285714286,1118353
218,Moderate,2020-11-09/2020-11-15,7.954464285714286,1118353
219,Red,2020-11-09/2020-11-15,7.9823076923076925,1118353
220,Blue,2020-11-16/2020-11-22,7.8087912087912095,1251936
221,Heavily Blue,2020-11-16/2020-11-22,8.500408163265305,1251936
222,Heavily Red,2020-11-16/2020-11-22,8.125857142857143,1251936
223,Moderate,2020-11-16/2020-11-22,7.934821428571429,1251936
224,Red,2020-11-16/2020-11-22,7.986483516483516,1251936
225,Blue,2020-11-23/2020-11-29,6.8380219780219775,1183256
226,Heavily Blue,2020-11-23/2020-11-29,7.421224489795918,1183256
227,Heavily Red,2020-11-23/2020-11-29,7.097714285714285,1183256
228,Moderate,2020-11-23/2020-11-29,6.920178571428571,1183256
229,Red,2020-11-23/2020-11-29,6.902087912087913,1183256
230,Blue,2020-11-30/2020-12-06,7.819120879120879,1475954
231,Heavily Blue,2020-11-30/2020-12-06,8.515510204081632,1475954
232,Heavily Red,2020-11-30/2020-12-06,7.930428571428571,1475954
233,Moderate,2020-11-30/2020-12-06,7.757857142857143,1475954
234,Red,2020-11-30/2020-12-06,7.710989010989011,1475954
235,Blue,2020-12-07/2020-12-13,7.834945054945055,1537172
236,Heavily Blue,2020-12-07/2020-12-13,8.492244897959184,1537172
237,Heavily Red,2020-12-07/2020-12-13,8.037857142857142,1537172
238,Moderate,2020-12-07/2020-12-13,7.834821428571429,1537172
239,Red,2020-12-07/2020-12-13,7.826153846153847,1537172
240,Blue,2020-12-14/2020-12-20,7.379780219780219,1512798
241,Heavily Blue,2020-12-14/2020-12-20,8.010408163265305,1512798
242,Heavily Red,2020-12-14/2020-12-20,7.6254285714285714,1512798
243,Moderate,2020-12-14/2020-12-20,7.447321428571429,1512798
244,Red,2020-12-14/2020-12-20,7.403626373626373,1512798
245,Blue,2020-12-21/2020-12-27,6.309010989010989,1317948
246,Heavily Blue,2020-12-21/2020-12-27,6.801224489795918,1317948
247,Heavily Red,2020-12-21/2020-12-27,6.382714285714286,1317948
248,Moderate,2020-12-21/2020-12-27,6.302321428571429,1317948
249,Red,2020-12-21/2020-12-27,6.207032967032967,1317948
250,Blue,2020-12-28/2021-01-03,6.873846153846154,1590007
251,Heavily Blue,2020-12-28/2021-01-03,7.410204081632654,1590007
252,Heavily Red,2020-12-28/2021-01-03,7.087428571428571,1590007
253,Moderate,2020-12-28/2021-01-03,6.876785714285715,1590007
254,Red,2020-12-28/2021-01-03,6.878681318681319,1590007
255,Blue,2021-01-04/2021-01-10,7.4108791208791205,1708204
256,Heavily Blue,2021-01-04/2021-01-10,7.9302040816326524,1708204
257,Heavily Red,2021-01-04/2021-01-10,7.466,1708204
258,Moderate,2021-01-04/2021-01-10,7.349285714285714,1708204
259,Red,2021-01-04/2021-01-10,7.352637362637363,1708204
260,Blue,2021-01-11/2021-01-17,7.584615384615385,1380273
261,Heavily Blue,2021-01-11/2021-01-17,8.094897959183672,1380273
262,Heavily Red,2021-01-11/2021-01-17,7.691714285714285,1380273
263,Moderate,2021-01-11/2021-01-17,7.565892857142857,1380273
264,Red,2021-01-11/2021-01-17,7.503846153846154,1380273
265,Blue,2021-01-18/2021-01-24,7.5419780219780215,1129579
266,Heavily Blue,2021-01-18/2021-01-24,8.05469387755102,1129579
267,Heavily Red,2021-01-18/2021-01-24,7.805285714285715,1129579
268,Moderate,2021-01-18/2021-01-24,7.574642857142857,1129579
269,Red,2021-01-18/2021-01-24,7.6182417582417585,1129579
270,Blue,2021-01-25/2021-01-31,7.7239560439560435,918356
271,Heavily Blue,2021-01-25/2021-01-31,8.299795918367346,918356
272,Heavily Red,2021-01-25/2021-01-31,8.066142857142857,918356
273,Moderate,2021-01-25/2021-01-31,7.818214285714285,918356
274,Red,2021-01-25/2021-01-31,7.844835164835165,918356
275,Blue,2021-02-01/2021-02-07,7.722967032967032,738798
276,Heavily Blue,2021-02-01/2021-02-07,8.381020408163266,738798
277,Heavily Red,2021-02-01/2021-02-07,8.09142857142857,738798
278,Moderate,2021-02-01/2021-02-07,7.807857142857143,738798
279,Red,2021-02-01/2021-02-07,7.814285714285715,738798
280,Blue,2021-02-08/2021-02-14,7.638131868131869,542647
281,Heavily Blue,2021-02-08/2021-02-14,8.368163265306123,542647
282,Heavily Red,2021-02-08/2021-02-14,7.839999999999999,542647
283,Moderate,2021-02-08/2021-02-14,7.831428571428572,542647
284,Red,2021-02-08/2021-02-14,7.633846153846154,542647
285,Blue,2021-02-15/2021-02-21,7.82065934065934,467710
286,Heavily Blue,2021-02-15/2021-02-21,8.514285714285714,467710
287,Heavily Red,2021-02-15/2021-02-21,7.900714285714285,467710
288,Moderate,2021-02-15/2021-02-21,7.949107142857143,467710
289,Red,2021-02-15/2021-02-21,7.60945054945055,467710
290,Blue,2021-02-22/2021-02-28,7.996043956043956,447114
291,Heavily Blue,2021-02-22/2021-02-28,8.661836734693878,447114
292,Heavily Red,2021-02-22/2021-02-28,8.193,447114
293,Moderate,2021-02-22/2021-02-28,7.964821428571428,447114
294,Red,2021-02-22/2021-02-28,7.994065934065935,447114
295,Blue,2021-03-01/2021-03-07,8.397912087912088,392018
296,Heavily Blue,2021-03-01/2021-03-07,9.176938775510205,392018
297,Heavily Red,2021-03-01/2021-03-07,8.561857142857143,392018
298,Moderate,2021-03-01/2021-03-07,8.440178571428572,392018
299,Red,2021-03-01/2021-03-07,8.276483516483516,392018
300,Blue,2021-03-08/2021-03-14,8.065164835164834,376555
301,Heavily Blue,2021-03-08/2021-03-14,8.841020408163265,376555
302,Heavily Red,2021-03-08/2021-03-14,8.186571428571428,376555
303,Moderate,2021-03-08/2021-03-14,8.155892857142858,376555
304,Red,2021-03-08/2021-03-14,8.089450549450548,376555
305,Blue,2021-03-15/2021-03-21,7.9412087912087905,404560
306,Heavily Blue,2021-03-15/2021-03-21,8.618775510204081,404560
307,Heavily Red,2021-03-15/2021-03-21,7.995857142857143,404560
308,Moderate,2021-03-15/2021-03-21,7.960714285714286,404560
309,Red,2021-03-15/2021-03-21,7.854395604395604,404560
310,Blue,2021-03-22/2021-03-28,8.186703296703296,448194
311,Heavily Blue,2021-03-22/2021-03-28,8.947551020408163,448194
312,Heavily Red,2021-03-22/2021-03-28,8.368428571428572,448194
313,Moderate,2021-03-22/2021-03-28,8.315357142857144,448194
314,Red,2021-03-22/2021-03-28,8.323956043956045,448194
315,Blue,2021-03-29/2021-04-04,8.35032967032967,457931
316,Heavily Blue,2021-03-29/2021-04-04,9.30326530612245,457931
317,Heavily Red,2021-03-29/2021-04-04,8.513,457931
318,Moderate,2021-03-29/2021-04-04,8.505178571428571,457931
319,Red,2021-03-29/2021-04-04,8.418901098901099,457931
320,Blue,2021-04-05/2021-04-11,7.672417582417583,493179
321,Heavily Blue,2021-04-05/2021-04-11,8.513061224489796,493179
322,Heavily Red,2021-04-05/2021-04-11,7.865285714285715,493179
323,Moderate,2021-04-05/2021-04-11,7.789642857142858,493179
324,Red,2021-04-05/2021-04-11,7.733736263736263,493179
325,Blue,2021-04-12/2021-04-18,7.606483516483517,450936
326,Heavily Blue,2021-04-12/2021-04-18,8.408571428571427,450936
327,Heavily Red,2021-04-12/2021-04-18,7.873857142857142,450936
328,Moderate,2021-04-12/2021-04-18,7.803214285714286,450936
329,Red,2021-04-12/2021-04-18,7.736483516483516,450936
330,Blue,2021-04-19/2021-04-25,7.916813186813187,371545
331,Heavily Blue,2021-04-19/2021-04-25,8.750612244897958,371545
332,Heavily Red,2021-04-19/2021-04-25,8.151000000000002,371545
333,Moderate,2021-04-19/2021-04-25,8.076071428571428,371545
334,Red,2021-04-19/2021-04-25,8.00923076923077,371545
335,Blue,2021-04-26/2021-05-02,7.614285714285714,334866
336,Heavily Blue,2021-04-26/2021-05-02,8.514693877551021,334866
337,Heavily Red,2021-04-26/2021-05-02,7.741285714285714,334866
338,Moderate,2021-04-26/2021-05-02,7.649285714285715,334866
339,Red,2021-04-26/2021-05-02,7.563406593406593,334866
340,Blue,2021-05-03/2021-05-09,7.6401098901098905,261590
341,Heavily Blue,2021-05-03/2021-05-09,8.561020408163266,261590
342,Heavily Red,2021-05-03/2021-05-09,7.615857142857143,261590
343,Moderate,2021-05-03/2021-05-09,7.6501785714285715,261590
344,Red,2021-05-03/2021-05-09,7.486923076923078,261590
345,Blue,2021-05-10/2021-05-16,7.6521978021978025,212024
346,Heavily Blue,2021-05-10/2021-05-16,8.53795918367347,212024
347,Heavily Red,2021-05-10/2021-05-16,7.698428571428571,212024
348,Moderate,2021-05-10/2021-05-16,7.8125,212024
349,Red,2021-05-10/2021-05-16,7.616483516483517,212024
350,Blue,2021-05-17/2021-05-23,7.5213186813186805,164435
351,Heavily Blue,2021-05-17/2021-05-23,8.291224489795917,164435
352,Heavily Red,2021-05-17/2021-05-23,7.650714285714285,164435
353,Moderate,2021-05-17/2021-05-23,7.757142857142857,164435
354,Red,2021-05-17/2021-05-23,7.606043956043956,164435
355,Blue,2021-05-24/2021-05-30,7.303736263736264,120378
356,Heavily Blue,2021-05-24/2021-05-30,8.017142857142856,120378
357,Heavily Red,2021-05-24/2021-05-30,7.341142857142857,120378
358,Moderate,2021-05-24/2021-05-30,7.421964285714286,120378
359,Red,2021-05-24/2021-05-30,7.248461538461538,120378
360,Blue,2021-05-31/2021-06-06,7.26021978021978,101526
361,Heavily Blue,2021-05-31/2021-06-06,7.946326530612245,101526
362,Heavily Red,2021-05-31/2021-06-06,7.319999999999999,101526
363,Moderate,2021-05-31/2021-06-06,7.422142857142857,101526
364,Red,2021-05-31/2021-06-06,7.241538461538462,101526
365,Blue,2021-06-07/2021-06-13,7.160439560439561,89034
366,Heavily Blue,2021-06-07/2021-06-13,7.81938775510204,89034
367,Heavily Red,2021-06-07/2021-06-13,7.3914285714285715,89034
368,Moderate,2021-06-07/2021-06-13,7.403035714285714,89034
369,Red,2021-06-07/2021-06-13,7.255824175824175,89034
370,Blue,2021-06-14/2021-06-20,6.956483516483516,84583
371,Heavily Blue,2021-06-14/2021-06-20,7.599387755102041,84583
372,Heavily Red,2021-06-14/2021-06-20,7.2658571428571435,84583
373,Moderate,2021-06-14/2021-06-20,7.233214285714285,84583
374,Red,2021-06-14/2021-06-20,7.068241758241759,84583
375,Blue,2021-06-21/2021-06-27,6.859120879120878,98114
376,Heavily Blue,2021-06-21/2021-06-27,7.570204081632653,98114
377,Heavily Red,2021-06-21/2021-06-27,7.283571428571429,98114
378,Moderate,2021-06-21/2021-06-27,7.253035714285715,98114
379,Red,2021-06-21/2021-06-27,7.163626373626373,98114
380,Blue,2021-06-28/2021-07-04,6.683406593406594,133430
381,Heavily Blue,2021-06-28/2021-07-04,7.363061224489797,133430
382,Heavily Red,2021-06-28/2021-07-04,7.077999999999999,133430
383,Moderate,2021-06-28/2021-07-04,7.06125,133430
384,Red,2021-06-28/2021-07-04,6.980329670329671,133430
385,Blue,2021-07-05/2021-07-11,7.005714285714285,251109
386,Heavily Blue,2021-07-05/2021-07-11,7.740816326530613,251109
387,Heavily Red,2021-07-05/2021-07-11,7.362,251109
388,Moderate,2021-07-05/2021-07-11,7.2751785714285715,251109
389,Red,2021-07-05/2021-07-11,7.187582417582418,251109
390,Blue,2021-07-12/2021-07-18,7.216813186813187,288157
391,Heavily Blue,2021-07-12/2021-07-18,7.85530612244898,288157
392,Heavily Red,2021-07-12/2021-07-18,7.519000000000001,288157
393,Moderate,2021-07-12/2021-07-18,7.492678571428571,288157
394,Red,2021-07-12/2021-07-18,7.3574725274725274,288157
395,Blue,2021-07-19/2021-07-25,6.996703296703298,464744
396,Heavily Blue,2021-07-19/2021-07-25,7.61469387755102,464744
397,Heavily Red,2021-07-19/2021-07-25,7.341,464744
398,Moderate,2021-07-19/2021-07-25,7.267142857142857,464744
399,Red,2021-07-19/2021-07-25,7.177912087912088,464744
400,Blue,2021-07-26/2021-08-01,7.037032967032967,678272
401,Heavily Blue,2021-07-26/2021-08-01,7.751020408163265,678272
402,Heavily Red,2021-07-26/2021-08-01,7.304142857142858,678272
403,Moderate,2021-07-26/2021-08-01,7.286071428571428,678272
404,Red,2021-07-26/2021-08-01,7.163076923076924,678272
405,Blue,2021-08-02/2021-08-08,7.029450549450549,850255
406,Heavily Blue,2021-08-02/2021-08-08,7.689387755102041,850255
407,Heavily Red,2021-08-02/2021-08-08,7.360857142857142,850255
408,Moderate,2021-08-02/2021-08-08,7.312857142857142,850255
409,Red,2021-08-02/2021-08-08,7.165164835164835,850255
410,Blue,2021-08-09/2021-08-15,7.035494505494506,991598
411,Heavily Blue,2021-08-09/2021-08-15,7.752040816326531,991598
412,Heavily Red,2021-08-09/2021-08-15,7.412285714285715,991598
413,Moderate,2021-08-09/2021-08-15,7.365892857142858,991598
414,Red,2021-08-09/2021-08-15,7.224505494505494,991598
415,Blue,2021-08-16/2021-08-22,6.974615384615385,1052437
416,Heavily Blue,2021-08-16/2021-08-22,7.740816326530613,1052437
417,Heavily Red,2021-08-16/2021-08-22,7.412999999999999,1052437
418,Moderate,2021-08-16/2021-08-22,7.403571428571429,1052437
419,Red,2021-08-16/2021-08-22,7.219120879120879,1052437
420,Blue,2021-08-23/2021-08-29,7.029340659340659,1180574
421,Heavily Blue,2021-08-23/2021-08-29,7.759591836734694,1180574
422,Heavily Red,2021-08-23/2021-08-29,7.447857142857143,1180574
423,Moderate,2021-08-23/2021-08-29,7.416071428571429,1180574
424,Red,2021-08-23/2021-08-29,7.228241758241758,1180574
425,Blue,2021-08-30/2021-09-05,7.000659340659341,1083184
426,Heavily Blue,2021-08-30/2021-09-05,7.726938775510204,1083184
427,Heavily Red,2021-08-30/2021-09-05,7.4868571428571435,1083184
428,Moderate,2021-08-30/2021-09-05,7.3601785714285715,1083184
429,Red,2021-08-30/2021-09-05,7.182087912087913,1083184
430,Blue,2021-09-06/2021-09-12,7.226593406593406,1058596
431,Heavily Blue,2021-09-06/2021-09-12,8.023673469387756,1058596
432,Heavily Red,2021-09-06/2021-09-12,7.549142857142858,1058596
433,Moderate,2021-09-06/2021-09-12,7.532857142857142,1058596
434,Red,2021-09-06/2021-09-12,7.336923076923076,1058596
435,Blue,2021-09-13/2021-09-19,7.276373626373626,904791
436,Heavily Blue,2021-09-13/2021-09-19,8.071224489795918,904791
437,Heavily Red,2021-09-13/2021-09-19,7.682999999999999,904791
438,Moderate,2021-09-13/2021-09-19,7.594464285714286,904791
439,Red,2021-09-13/2021-09-19,7.501538461538462,904791
440,Blue,2021-09-20/2021-09-26,7.243406593406593,800392
441,Heavily Blue,2021-09-20/2021-09-26,8.083469387755102,800392
442,Heavily Red,2021-09-20/2021-09-26,7.584142857142857,800392
443,Moderate,2021-09-20/2021-09-26,7.491071428571429,800392
444,Red,2021-09-20/2021-09-26,7.446263736263736,800392
445,Blue,2021-09-27/2021-10-03,7.135934065934066,700690
446,Heavily Blue,2021-09-27/2021-10-03,7.908367346938776,700690
447,Heavily Red,2021-09-27/2021-10-03,7.532,700690
448,Moderate,2021-09-27/2021-10-03,7.431428571428571,700690
449,Red,2021-09-27/2021-10-03,7.3695604395604395,700690
450,Blue,2021-10-04/2021-10-10,7.147252747252747,617612
451,Heavily Blue,2021-10-04/2021-10-10,7.847142857142857,617612
452,Heavily Red,2021-10-04/2021-10-10,7.519285714285715,617612
453,Moderate,2021-10-04/2021-10-10,7.410178571428572,617612
454,Red,2021-10-04/2021-10-10,7.35043956043956,617612
455,Blue,2021-10-11/2021-10-17,7.234175824175823,531867
456,Heavily Blue,2021-10-11/2021-10-17,7.938163265306123,531867
457,Heavily Red,2021-10-11/2021-10-17,7.4711428571428575,531867
458,Moderate,2021-10-11/2021-10-17,7.39875,531867
459,Red,2021-10-11/2021-10-17,7.25054945054945,531867
460,Blue,2021-10-18/2021-10-24,7.244175824175825,506133
461,Heavily Blue,2021-10-18/2021-10-24,7.965510204081633,506133
462,Heavily Red,2021-10-18/2021-10-24,7.59542857142857,506133
463,Moderate,2021-10-18/2021-10-24,7.413214285714285,506133
464,Red,2021-10-18/2021-10-24,7.398791208791208,506133
465,Blue,2021-10-25/2021-10-31,7.118461538461538,501888
466,Heavily Blue,2021-10-25/2021-10-31,7.741836734693878,501888
467,Heavily Red,2021-10-25/2021-10-31,7.444285714285715,501888
468,Moderate,2021-10-25/2021-10-31,7.259821428571429,501888
469,Red,2021-10-25/2021-10-31,7.196813186813187,501888
470,Blue,2021-11-01/2021-11-07,7.2458241758241755,541252
471,Heavily Blue,2021-11-01/2021-11-07,7.84795918367347,541252
472,Heavily Red,2021-11-01/2021-11-07,7.521000000000001,541252
473,Moderate,2021-11-01/2021-11-07,7.327678571428572,541252
474,Red,2021-11-01/2021-11-07,7.357802197802197,541252
475,Blue,2021-11-08/2021-11-14,7.178681318681319,616866
476,Heavily Blue,2021-11-08/2021-11-14,7.809183673469387,616866
477,Heavily Red,2021-11-08/2021-11-14,7.409285714285714,616866
478,Moderate,2021-11-08/2021-11-14,7.22875,616866
479,Red,2021-11-08/2021-11-14,7.26010989010989,616866
480,Blue,2021-11-15/2021-11-21,7.247582417582417,662808
481,Heavily Blue,2021-11-15/2021-11-21,7.856530612244899,662808
482,Heavily Red,2021-11-15/2021-11-21,7.433428571428572,662808
483,Moderate,2021-11-15/2021-11-21,7.270178571428572,662808
484,Red,2021-11-15/2021-11-21,7.235384615384615,662808
485,Blue,2021-11-22/2021-11-28,6.339340659340659,614363
486,Heavily Blue,2021-11-22/2021-11-28,6.818367346938776,614363
487,Heavily Red,2021-11-22/2021-11-28,6.552142857142857,614363
488,Moderate,2021-11-22/2021-11-28,6.356428571428571,614363
489,Red,2021-11-22/2021-11-28,6.36032967032967,614363
490,Blue,2021-11-29/2021-12-05,7.190769230769231,855373
491,Heavily Blue,2021-11-29/2021-12-05,7.738979591836734,855373
492,Heavily Red,2021-11-29/2021-12-05,7.404714285714286,855373
493,Moderate,2021-11-29/2021-12-05,7.208392857142857,855373
494,Red,2021-11-29/2021-12-05,7.257252747252747,855373
495,Blue,2021-12-06/2021-12-12,7.158461538461538,839151
496,Heavily Blue,2021-12-06/2021-12-12,7.745714285714286,839151
497,Heavily Red,2021-12-06/2021-12-12,7.318285714285714,839151
498,Moderate,2021-12-06/2021-12-12,7.165535714285714,839151
499,Red,2021-12-06/2021-12-12,7.177252747252747,839151
500,Blue,2021-12-13/2021-12-19,6.8621978021978025,1165714
501,Heavily Blue,2021-12-13/2021-12-19,7.379183673469387,1165714
502,Heavily Red,2021-12-13/2021-12-19,6.951285714285714,1165714
503,Moderate,2021-12-13/2021-12-19,6.790357142857142,1165714
504,Red,2021-12-13/2021-12-19,6.7178021978021984,1165714
505,Blue,2021-12-20/2021-12-26,6.00032967032967,2141043
506,Heavily Blue,2021-12-20/2021-12-26,6.398775510204082,2141043
507,Heavily Red,2021-12-20/2021-12-26,6.243571428571428,2141043
508,Moderate,2021-12-20/2021-12-26,6.094107142857142,2141043
509,Red,2021-12-20/2021-12-26,6.088461538461538,2141043
510,Blue,2021-12-27/2022-01-02,6.536703296703297,4258203
511,Heavily Blue,2021-12-27/2022-01-02,7.002040816326531,4258203
512,Heavily Red,2021-12-27/2022-01-02,6.789000000000001,4258203
513,Moderate,2021-12-27/2022-01-02,6.640535714285714,4258203
514,Red,2021-12-27/2022-01-02,6.637472527472528,4258203
515,Blue,2022-01-03/2022-01-09,7.052967032967033,5476639
516,Heavily Blue,2022-01-03/2022-01-09,7.586530612244898,5476639
517,Heavily Red,2022-01-03/2022-01-09,7.202428571428571,5476639
518,Moderate,2022-01-03/2022-01-09,7.114107142857143,5476639
519,Red,2022-01-03/2022-01-09,7.0795604395604395,5476639
520,Blue,2022-01-10/2022-01-16,7.101208791208792,5505536
521,Heavily Blue,2022-01-10/2022-01-16,7.521836734693878,5505536
522,Heavily Red,2022-01-10/2022-01-16,7.232142857142857,5505536
523,Moderate,2022-01-10/2022-01-16,7.039464285714286,5505536
524,Red,2022-01-10/2022-01-16,7.043406593406594,5505536
525,Blue,2022-01-17/2022-01-23,7.212637362637363,4407932
526,Heavily Blue,2022-01-17/2022-01-23,7.70265306122449,4407932
527,Heavily Red,2022-01-17/2022-01-23,7.381142857142857,4407932
528,Moderate,2022-01-17/2022-01-23,7.168214285714286,4407932
529,Red,2022-01-17/2022-01-23,7.1595604395604395,4407932
530,Blue,2022-01-24/2022-01-30,7.307142857142858,2688713
531,Heavily Blue,2022-01-24/2022-01-30,7.8034693877551025,2688713
532,Heavily Red,2022-01-24/2022-01-30,7.647428571428573,2688713
533,Moderate,2022-01-24/2022-01-30,7.3496428571428565,2688713
534,Red,2022-01-24/2022-01-30,7.432307692307693,2688713
535,Blue,2022-01-31/2022-02-06,7.544615384615384,1476054
536,Heavily Blue,2022-01-31/2022-02-06,8.059183673469388,1476054
537,Heavily Red,2022-01-31/2022-02-06,7.649428571428572,1476054
538,Moderate,2022-01-31/2022-02-06,7.6519642857142856,1476054
539,Red,2022-01-31/2022-02-06,7.457692307692308,1476054
540,Blue,2022-02-07/2022-02-13,7.587912087912088,894737
541,Heavily Blue,2022-02-07/2022-02-13,8.127959183673468,894737
542,Heavily Red,2022-02-07/2022-02-13,7.8268571428571425,894737
543,Moderate,2022-02-07/2022-02-13,7.5878571428571435,894737
544,Red,2022-02-07/2022-02-13,7.6230769230769235,894737
545,Blue,2022-02-14/2022-02-20,7.546593406593407,547464
546,Heavily Blue,2022-02-14/2022-02-20,8.078367346938775,547464
547,Heavily Red,2022-02-14/2022-02-20,7.778714285714286,547464
548,Moderate,2022-02-14/2022-02-20,7.565892857142857,547464
549,Red,2022-02-14/2022-02-20,7.601428571428571,547464
550,Blue,2022-02-21/2022-02-27,7.502637362637363,375088
551,Heavily Blue,2022-02-21/2022-02-27,8.045510204081634,375088
552,Heavily Red,2022-02-21/2022-02-27,7.725142857142857,375088
553,Moderate,2022-02-21/2022-02-27,7.542857142857143,375088
554,Red,2022-02-21/2022-02-27,7.552527472527472,375088
555,Blue,2022-02-28/2022-03-06,7.901978021978023,264964
556,Heavily Blue,2022-02-28/2022-03-06,8.470204081632653,264964
557,Heavily Red,2022-02-28/2022-03-06,8.064428571428572,264964
558,Moderate,2022-02-28/2022-03-06,7.798214285714286,264964
559,Red,2022-02-28/2022-03-06,7.779340659340659,264964
560,Blue,2022-03-07/2022-03-13,9.755054945054946,213328
561,Heavily Blue,2022-03-07/2022-03-13,10.664489795918366,213328
562,Heavily Red,2022-03-07/2022-03-13,9.767714285714286,213328
563,Moderate,2022-03-07/2022-03-13,9.578392857142857,213328
564,Red,2022-03-07/2022-03-13,9.687142857142858,213328
565,Blue,2022-03-14/2022-03-20,9.034065934065934,195389
566,Heavily Blue,2022-03-14/2022-03-20,9.978367346938775,195389
567,Heavily Red,2022-03-14/2022-03-20,8.953142857142858,195389
568,Moderate,2022-03-14/2022-03-20,8.96642857142857,195389
569,Red,2022-03-14/2022-03-20,8.87978021978022,195389
570,Blue,2022-03-21/2022-03-27,8.184725274725274,194292
571,Heavily Blue,2022-03-21/2022-03-27,8.975510204081633,194292
572,Heavily Red,2022-03-21/2022-03-27,8.317142857142859,194292
573,Moderate,2022-03-21/2022-03-27,8.224464285714285,194292
574,Red,2022-03-21/2022-03-27,8.135164835164835,194292
575,Blue,2022-03-28/2022-04-03,7.677692307692308,201634
576,Heavily Blue,2022-03-28/2022-04-03,8.37673469387755,201634
577,Heavily Red,2022-03-28/2022-04-03,7.8298571428571435,201634
578,Moderate,2022-03-28/2022-04-03,7.707321428571428,201634
579,Red,2022-03-28/2022-04-03,7.722307692307693,201634
580,Blue,2022-04-04/2022-04-10,7.673516483516483,222477
581,Heavily Blue,2022-04-04/2022-04-10,8.377755102040815,222477
582,Heavily Red,2022-04-04/2022-04-10,7.955571428571428,222477
583,Moderate,2022-04-04/2022-04-10,7.7144642857142856,222477
584,Red,2022-04-04/2022-04-10,7.663846153846153,222477
585,Blue,2022-04-11/2022-04-17,7.236373626373626,297185
586,Heavily Blue,2022-04-11/2022-04-17,7.887551020408163,297185
587,Heavily Red,2022-04-11/2022-04-17,7.5001428571428574,297185
588,Moderate,2022-04-11/2022-04-17,7.343214285714287,297185
589,Red,2022-04-11/2022-04-17,7.341648351648352,297185
590,Blue,2022-04-18/2022-04-24,7.4568131868131875,371497
591,Heavily Blue,2022-04-18/2022-04-24,8.038163265306123,371497
592,Heavily Red,2022-04-18/2022-04-24,7.833285714285715,371497
593,Moderate,2022-04-18/2022-04-24,7.602857142857142,371497
594,Red,2022-04-18/2022-04-24,7.605714285714286,371497
595,Blue,2022-04-25/2022-05-01,7.602417582417583,458831
596,Heavily Blue,2022-04-25/2022-05-01,8.242448979591837,458831
597,Heavily Red,2022-04-25/2022-05-01,7.861428571428571,458831
598,Moderate,2022-04-25/2022-05-01,7.716964285714285,458831
599,Red,2022-04-25/2022-05-01,7.627142857142856,458831
600,Blue,2022-05-02/2022-05-08,7.408681318681319,593805
601,Heavily Blue,2022-05-02/2022-05-08,8.03204081632653,593805
602,Heavily Red,2022-05-02/2022-05-08,7.534,593805
603,Moderate,2022-05-02/2022-05-08,7.425357142857143,593805
604,Red,2022-05-02/2022-05-08,7.374175824175824,593805
605,Blue,2022-05-09/2022-05-15,7.183516483516484,714136
606,Heavily Blue,2022-05-09/2022-05-15,7.804693877551021,714136
607,Heavily Red,2022-05-09/2022-05-15,7.293571428571429,714136
608,Moderate,2022-05-09/2022-05-15,7.229107142857143,714136
609,Red,2022-05-09/2022-05-15,7.111538461538461,714136
610,Blue,2022-05-16/2022-05-22,6.908241758241758,766917
611,Heavily Blue,2022-05-16/2022-05-22,7.5140816326530615,766917
612,Heavily Red,2022-05-16/2022-05-22,7.134857142857143,766917
613,Moderate,2022-05-16/2022-05-22,7.07,766917
614,Red,2022-05-16/2022-05-22,6.921098901098902,766917
615,Blue,2022-05-23/2022-05-29,6.67,715379
616,Heavily Blue,2022-05-23/2022-05-29,7.153673469387755,715379
617,Heavily Red,2022-05-23/2022-05-29,6.885571428571429,715379
618,Moderate,2022-05-23/2022-05-29,6.839821428571428,715379
619,Red,2022-05-23/2022-05-29,6.687032967032967,715379
620,Blue,2022-05-30/2022-06-05,6.629670329670329,763696
621,Heavily Blue,2022-05-30/2022-06-05,7.070816326530613,763696
622,Heavily Red,2022-05-30/2022-06-05,6.849428571428571,763696
623,Moderate,2022-05-30/2022-06-05,6.785892857142857,763696
624,Red,2022-05-30/2022-06-05,6.6159340659340655,763696
625,Blue,2022-06-06/2022-06-12,6.718131868131868,724427
626,Heavily Blue,2022-06-06/2022-06-12,7.2628571428571425,724427
627,Heavily Red,2022-06-06/2022-06-12,7.053142857142857,724427
628,Moderate,2022-06-06/2022-06-12,6.997678571428572,724427
629,Red,2022-06-06/2022-06-12,6.878351648351647,724427
630,Blue,2022-06-13/2022-06-19,6.587802197802198,685911
631,Heavily Blue,2022-06-13/2022-06-19,7.142857142857143,685911
632,Heavily Red,2022-06-13/2022-06-19,6.922714285714285,685911
633,Moderate,2022-06-13/2022-06-19,6.85625,685911
634,Red,2022-06-13/2022-06-19,6.741868131868132,685911
635,Blue,2022-06-20/2022-06-26,6.517802197802198,772824
636,Heavily Blue,2022-06-20/2022-06-26,7.100816326530612,772824
637,Heavily Red,2022-06-20/2022-06-26,6.984999999999999,772824
638,Moderate,2022-06-20/2022-06-26,6.884821428571429,772824
639,Red,2022-06-20/2022-06-26,6.7541758241758245,772824
640,Blue,2022-06-27/2022-07-03,6.427692307692308,772477
641,Heavily Blue,2022-06-27/2022-07-03,6.965714285714285,772477
642,Heavily Red,2022-06-27/2022-07-03,6.834714285714286,772477
643,Moderate,2022-06-27/2022-07-03,6.755,772477
644,Red,2022-06-27/2022-07-03,6.627142857142858,772477
645,Blue,2022-07-04/2022-07-10,6.565714285714286,869246
646,Heavily Blue,2022-07-04/2022-07-10,7.166530612244898,869246
647,Heavily Red,2022-07-04/2022-07-10,6.981714285714286,869246
648,Moderate,2022-07-04/2022-07-10,6.8999999999999995,869246
649,Red,2022-07-04/2022-07-10,6.772197802197802,869246
650,Blue,2022-07-11/2022-07-17,6.648901098901098,897458
651,Heavily Blue,2022-07-11/2022-07-17,7.2036734693877555,897458
652,Heavily Red,2022-07-11/2022-07-17,7.174428571428571,897458
653,Moderate,2022-07-11/2022-07-17,7.050714285714285,897458
654,Red,2022-07-11/2022-07-17,6.945714285714285,897458
655,Blue,2022-07-18/2022-07-24,6.977802197802198,923937
656,Heavily Blue,2022-07-18/2022-07-24,7.554285714285715,923937
657,Heavily Red,2022-07-18/2022-07-24,7.474714285714286,923937
658,Moderate,2022-07-18/2022-07-24,7.357321428571429,923937
659,Red,2022-07-18/2022-07-24,7.240439560439561,923937
660,Blue,2022-07-25/2022-07-31,6.644175824175824,833267
661,Heavily Blue,2022-07-25/2022-07-31,7.256530612244898,833267
662,Heavily Red,2022-07-25/2022-07-31,7.106,833267
663,Moderate,2022-07-25/2022-07-31,7.005535714285714,833267
664,Red,2022-07-25/2022-07-31,6.894395604395604,833267
665,Blue,2022-08-01/2022-08-07,6.63076923076923,759711
666,Heavily Blue,2022-08-01/2022-08-07,7.2057142857142855,759711
667,Heavily Red,2022-08-01/2022-08-07,7.056285714285714,759711
668,Moderate,2022-08-01/2022-08-07,6.952142857142857,759711
669,Red,2022-08-01/2022-08-07,6.829780219780219,759711
670,Blue,2022-08-08/2022-08-14,6.631538461538462,701839
671,Heavily Blue,2022-08-08/2022-08-14,7.148571428571428,701839
672,Heavily Red,2022-08-08/2022-08-14,7.009571428571429,701839
673,Moderate,2022-08-08/2022-08-14,6.942857142857143,701839
674,Red,2022-08-08/2022-08-14,6.803406593406594,701839
675,Blue,2022-08-15/2022-08-21,6.6207692307692305,653037
676,Heavily Blue,2022-08-15/2022-08-21,7.183061224489795,653037
677,Heavily Red,2022-08-15/2022-08-21,7.0282857142857145,653037
678,Moderate,2022-08-15/2022-08-21,6.955178571428571,653037
679,Red,2022-08-15/2022-08-21,6.822417582417582,653037
680,Blue,2022-08-22/2022-08-28,6.732967032967033,613210
681,Heavily Blue,2022-08-22/2022-08-28,7.3467346938775515,613210
682,Heavily Red,2022-08-22/2022-08-28,7.210999999999999,613210
683,Moderate,2022-08-22/2022-08-28,7.072857142857143,613210
684,Red,2022-08-22/2022-08-28,7.00076923076923,613210
685,Blue,2022-08-29/2022-09-04,6.578461538461538,521070
686,Heavily Blue,2022-08-29/2022-09-04,7.132448979591837,521070
687,Heavily Red,2022-08-29/2022-09-04,7.024714285714286,521070
688,Moderate,2022-08-29/2022-09-04,6.882678571428571,521070
689,Red,2022-08-29/2022-09-04,6.7967032967032965,521070
690,Blue,2022-09-05/2022-09-11,6.614505494505494,468102
691,Heavily Blue,2022-09-05/2022-09-11,7.195714285714285,468102
692,Heavily Red,2022-09-05/2022-09-11,7.0768571428571425,468102
693,Moderate,2022-09-05/2022-09-11,6.941428571428572,468102
694,Red,2022-09-05/2022-09-11,6.83,468102
695,Blue,2022-09-12/2022-09-18,7.56923076923077,394367
696,Heavily Blue,2022-09-12/2022-09-18,8.450000000000001,394367
697,Heavily Red,2022-09-12/2022-09-18,8.065999999999999,394367
698,Moderate,2022-09-12/2022-09-18,7.935,394367
699,Red,2022-09-12/2022-09-18,7.988461538461538,394367
